,Ax,Ay,Az,Gx,Gy,Gz,Mx,My,Mz
0,0.16,0.04,0.95,2.53,-1.68,-0.12,13.18,-10.84,-19.63
1,0.12,0.03,0.97,2.61,-1.56,-0.2,13.77,-9.96,-19.34
2,0.12,0.04,0.97,2.52,-1.69,-0.22,13.18,-11.13,-19.92
3,0.12,0.03,0.97,2.56,-1.59,-0.41,13.18,-10.84,-19.04
4,0.12,0.03,0.98,2.69,-1.62,-0.17,13.18,-10.84,-19.04
5,0.12,0.04,0.97,2.78,-1.43,-0.22,12.6,-10.84,-19.34
6,0.11,0.03,0.97,2.6,-1.75,-0.21,13.18,-10.55,-18.75
7,0.11,0.04,0.97,2.69,-1.33,-0.16,13.48,-11.13,-19.34
8,0.12,0.04,0.98,2.88,-1.53,-0.2,12.89,-10.84,-18.75
9,0.12,0.03,0.97,2.59,-1.43,0.15,12.6,-10.55,-18.75
10,0.11,0.04,0.97,2.65,-1.4,-0.28,12.89,-10.84,-18.46
11,0.12,0.04,0.98,2.76,-1.51,-0.49,13.18,-10.55,-19.04
12,0.12,0.03,0.97,2.65,-1.34,0.15,13.77,-10.84,-19.04
13,0.11,0.04,0.97,2.46,-1.39,-0.51,13.18,-10.84,-18.75
14,0.12,0.04,0.97,2.67,-1.52,-0.08,13.18,-10.84,-19.34
15,0.12,0.04,0.98,2.69,-1.35,-0.03,12.89,-11.13,-19.04
16,0.12,0.04,0.98,2.44,-1.41,-0.21,13.18,-11.13,-19.04
17,0.12,0.03,0.97,2.61,-1.14,-0.37,12.89,-10.84,-19.34
18,0.12,0.03,0.97,2.61,-1.57,-0.23,13.48,-10.84,-19.34
19,0.12,0.03,0.97,2.62,-1.2,-0.28,12.89,-10.55,-19.63
20,0.12,0.03,0.97,2.82,-1.63,-0.16,12.89,-9.96,-19.34
21,0.12,0.03,0.97,2.61,-1.29,-0.24,13.77,-11.13,-19.34
22,0.11,0.04,0.97,2.56,-1.25,-0.53,13.18,-10.55,-19.34
23,0.12,0.03,0.97,2.6,-1.63,-0.08,12.89,-10.84,-19.34
24,0.12,0.04,0.97,2.77,-1.6,-0.19,13.48,-10.25,-19.34
25,0.12,0.03,0.97,2.62,-1.49,-0.06,13.48,-10.84,-18.75
26,0.12,0.03,0.98,2.61,-1.46,-0.11,13.48,-10.84,-19.04
27,0.12,0.04,0.97,2.59,-1.5,-0.11,12.89,-11.13,-19.04
28,0.12,0.03,0.98,2.65,-1.59,-0.42,12.89,-10.25,-19.04
29,0.12,0.03,0.97,2.57,-1.42,-0.2,13.48,-9.96,-19.04
30,0.12,0.03,0.98,2.37,-1.79,-0.38,13.48,-10.84,-19.63
31,0.11,0.03,0.97,2.6,-1.69,-0.55,12.89,-10.55,-19.34
32,0.12,0.03,0.98,2.76,-1.5,-0.2,13.77,-10.84,-19.34
33,0.12,0.03,0.98,2.79,-1.59,-0.45,13.48,-10.55,-18.75
34,0.12,0.03,0.97,2.35,-1.49,-0.1,13.48,-10.55,-19.34
35,0.12,0.04,0.97,2.59,-1.48,-0.18,13.18,-10.25,-19.04
36,0.12,0.04,0.98,2.56,-1.43,-0.15,13.18,-10.55,-19.04
37,0.12,0.03,0.97,2.55,-1.5,-0.13,12.89,-10.25,-19.34
38,0.12,0.03,0.98,2.53,-1.51,-0.2,13.48,-10.25,-19.34
39,0.12,0.03,0.97,2.64,-1.43,-0.17,13.48,-10.55,-19.34
40,0.11,0.04,0.97,2.67,-1.56,-0.02,13.18,-10.55,-19.04
41,0.12,0.03,0.98,2.78,-1.51,-0.06,13.18,-10.84,-19.04
42,0.12,0.04,0.98,2.61,-1.22,-0.14,13.18,-10.84,-19.34
43,0.12,0.04,0.97,2.6,-1.46,0.04,13.48,-10.55,-19.34
44,0.11,0.04,0.98,2.72,-1.41,-0.34,13.18,-10.55,-19.63
45,0.11,0.04,0.97,2.58,-1.71,-0.27,13.48,-10.84,-19.34
46,0.12,0.03,0.97,2.75,-1.5,-0.09,13.77,-10.84,-19.04
47,0.12,0.03,0.98,2.62,-1.57,-0.22,13.48,-10.84,-19.04
48,0.11,0.04,0.98,2.56,-1.69,-0.14,13.18,-10.84,-19.04
49,0.12,0.03,0.97,2.58,-1.48,-0.47,13.48,-11.13,-18.75
50,0.12,0.04,0.98,2.66,-1.37,-0.33,13.18,-10.84,-19.04
51,0.12,0.04,0.98,2.69,-1.25,-0.21,13.18,-10.55,-18.75
52,0.11,0.04,0.97,2.71,-1.32,-0.15,13.18,-10.25,-18.75
53,0.11,0.03,0.98,2.69,-1.41,-0.27,13.77,-10.55,-19.34
54,0.12,0.03,0.98,2.63,-1.34,-0.31,13.48,-10.55,-19.04
55,0.12,0.03,0.97,2.49,-1.51,-0.29,12.89,-10.25,-19.04
56,0.12,0.04,0.98,2.6,-1.62,-0.22,13.48,-10.25,-19.04
57,0.11,0.03,0.97,2.66,-1.6,-0.18,13.18,-10.55,-19.04
58,0.11,0.04,0.98,2.75,-1.51,-0.19,13.48,-10.84,-19.92
59,0.12,0.04,0.97,2.72,-1.4,0.18,12.89,-10.55,-19.04
60,0.12,0.04,0.98,2.54,-1.37,-0.24,13.48,-10.55,-19.34
61,0.11,0.04,0.98,2.68,-1.59,-0.5,13.18,-10.84,-18.75
62,0.11,0.03,0.97,2.62,-1.62,-0.35,12.89,-10.25,-18.75
63,0.12,0.03,0.97,2.92,-1.72,-0.16,12.89,-10.84,-19.34
64,0.12,0.04,0.98,2.85,-1.45,-0.2,13.18,-11.13,-19.34
65,0.12,0.04,0.97,2.73,-1.79,-0.21,12.89,-10.55,-19.04
66,0.12,0.03,0.98,2.63,-1.57,-0.02,12.3,-11.13,-19.34
67,0.12,0.03,0.97,2.4,-1.59,-0.35,13.18,-10.84,-19.34
68,0.11,0.04,0.98,2.62,-1.51,0.01,13.18,-10.25,-19.04
69,0.12,0.03,0.98,2.62,-1.36,-0.07,13.18,-10.84,-19.34
70,0.12,0.03,0.97,2.7,-1.74,-0.27,13.18,-10.55,-19.63
71,0.12,0.04,0.98,2.59,-1.57,-0.21,13.18,-10.55,-19.04
72,0.12,0.04,0.98,2.49,-1.2,-0.44,13.18,-10.84,-19.04
73,0.12,0.04,0.98,2.5,-1.05,-0.13,12.3,-10.84,-19.34
74,0.11,0.03,0.97,2.53,-1.52,-0.26,13.18,-10.84,-19.04
75,0.11,0.04,0.98,2.73,-1.72,-0.43,13.48,-10.55,-18.75
76,0.12,0.03,0.98,2.59,-1.52,-0.37,13.77,-11.13,-19.63
77,0.12,0.03,0.98,2.41,-1.68,-0.18,13.18,-10.84,-19.34
78,0.12,0.04,0.97,2.59,-1.61,-0.06,13.48,-10.25,-19.04
79,0.12,0.04,0.98,2.62,-1.42,-0.03,12.89,-11.43,-19.34
80,0.12,0.04,0.97,2.49,-1.57,0.0,13.48,-10.84,-19.34
81,0.12,0.04,0.98,2.53,-1.46,-0.11,13.18,-10.55,-19.34
82,0.11,0.04,0.97,2.82,-1.65,-0.52,13.48,-11.43,-19.34
83,0.12,0.04,0.98,2.62,-1.8,-0.05,13.18,-10.55,-19.34
84,0.12,0.03,0.97,2.68,-1.24,-0.31,13.48,-11.13,-19.04
85,0.12,0.03,0.98,2.64,-1.71,-0.1,13.48,-11.43,-18.46
86,0.12,0.04,0.98,2.32,-1.36,-0.4,12.89,-11.13,-19.34
87,0.11,0.03,0.97,2.57,-1.52,-0.27,12.6,-10.84,-19.04
88,0.12,0.04,0.97,2.61,-1.63,-0.4,12.89,-11.13,-19.04
89,0.12,0.03,0.98,2.73,-1.34,-0.35,12.89,-10.55,-19.34
90,0.11,0.04,0.98,2.66,-1.67,-0.21,13.48,-10.55,-19.34
91,0.12,0.03,0.98,2.51,-1.48,-0.18,13.48,-10.55,-18.75
92,0.12,0.03,0.98,2.49,-1.59,0.02,13.18,-10.25,-18.75
93,0.12,0.03,0.97,2.72,-1.56,-0.26,13.48,-10.55,-19.34
94,0.12,0.03,0.97,2.62,-1.3,-0.18,12.6,-10.25,-19.04
95,0.12,0.04,0.97,2.63,-1.54,-0.28,13.18,-10.84,-19.34
96,0.12,0.03,0.97,2.4,-1.63,-0.16,13.18,-11.13,-18.75
97,0.12,0.04,0.97,2.78,-1.39,0.02,13.48,-11.13,-18.75
98,0.12,0.03,0.97,2.69,-1.56,-0.31,12.89,-11.13,-19.04
99,0.11,0.03,0.97,2.72,-1.76,-0.27,13.18,-9.96,-19.04
100,0.11,0.03,0.98,2.35,-1.67,-0.23,13.18,-10.55,-19.04
101,0.12,0.04,0.98,2.37,-1.36,-0.33,13.48,-10.84,-18.75
102,0.11,0.04,0.97,2.53,-1.38,-0.29,13.18,-10.84,-19.34
103,0.12,0.04,0.97,2.59,-1.35,-0.12,13.48,-10.55,-19.34
104,0.12,0.04,0.97,2.62,-1.65,-0.51,13.48,-10.55,-19.04
105,0.12,0.04,0.97,2.56,-1.41,-0.05,12.6,-10.55,-19.63
106,0.11,0.03,0.97,2.74,-1.47,-0.12,13.18,-10.84,-19.04
107,0.12,0.04,0.97,2.62,-1.39,-0.18,13.48,-10.84,-19.04
108,0.12,0.04,0.97,2.64,-1.67,-0.29,12.89,-10.55,-19.63
109,0.12,0.03,0.97,2.64,-1.63,-0.19,12.89,-10.25,-19.04
110,0.12,0.04,0.98,2.64,-1.17,-0.18,13.18,-10.84,-19.04
111,0.12,0.04,0.97,2.45,-1.4,-0.33,13.77,-11.13,-19.34
112,0.12,0.04,0.97,2.4,-1.61,-0.38,13.48,-10.55,-18.75
113,0.12,0.04,0.97,2.57,-1.5,-0.35,13.48,-10.84,-18.75
114,0.12,0.04,0.98,2.53,-1.37,-0.36,12.89,-11.13,-19.04
115,0.12,0.04,0.97,2.6,-1.75,-0.08,13.48,-11.13,-18.46
116,0.12,0.03,0.97,2.75,-1.74,0.03,13.18,-10.55,-19.34
117,0.12,0.04,0.97,2.57,-1.5,-0.09,13.18,-11.13,-19.34
118,0.12,0.04,0.98,2.56,-1.62,0.01,13.77,-10.84,-19.63
119,0.12,0.03,0.97,2.62,-1.51,-0.19,14.36,-10.84,-19.63
120,0.12,0.04,0.97,2.35,-1.33,-0.17,13.48,-10.55,-19.04
121,0.11,0.04,0.98,2.59,-1.63,-0.36,13.18,-10.55,-19.34
122,0.12,0.03,0.97,2.68,-1.46,-0.05,13.18,-10.84,-18.46
123,0.12,0.03,0.98,2.43,-1.4,-0.15,13.48,-11.43,-19.34
124,0.12,0.03,0.97,2.44,-1.43,-0.31,13.48,-10.55,-19.34
125,0.11,0.03,0.97,2.75,-1.72,-0.16,14.06,-10.84,-19.04
126,0.12,0.03,0.98,2.67,-1.75,-0.06,12.89,-10.84,-19.34
127,0.11,0.03,0.98,2.55,-1.58,-0.15,13.48,-10.55,-19.04
128,0.11,0.04,0.99,2.59,-1.57,-0.14,13.18,-11.13,-19.04
129,0.12,0.04,0.97,2.65,-1.3,-0.03,13.18,-10.84,-19.34
130,0.12,0.04,0.98,2.62,-1.36,-0.44,12.3,-10.84,-19.34
131,0.12,0.04,0.97,2.48,-1.59,-0.21,13.48,-10.84,-19.04
132,0.11,0.04,0.98,2.2,-1.43,-0.46,13.48,-10.55,-19.63
133,0.11,0.03,0.98,2.64,-1.39,-0.37,13.77,-10.84,-19.63
134,0.12,0.04,0.97,2.53,-1.55,-0.27,13.18,-10.84,-18.75
135,0.12,0.04,0.97,2.69,-1.4,-0.27,12.89,-10.84,-19.04
136,0.12,0.03,0.98,2.62,-1.39,0.05,12.6,-10.84,-18.75
137,0.12,0.03,0.97,2.66,-1.56,-0.11,12.89,-10.84,-18.46
138,0.11,0.03,0.97,2.65,-1.58,-0.02,12.6,-10.25,-19.34
139,0.12,0.03,0.98,2.94,-1.46,-0.26,13.48,-10.84,-19.04
140,0.12,0.03,0.97,2.44,-1.33,-0.33,13.18,-10.55,-19.04
141,0.12,0.04,0.97,2.41,-1.48,-0.31,12.89,-10.84,-19.04
142,0.12,0.03,0.98,2.54,-1.6,-0.21,13.18,-9.96,-19.04
143,0.12,0.03,0.97,2.62,-1.34,-0.45,13.18,-11.13,-18.75
144,0.12,0.03,0.97,2.71,-1.49,-0.2,12.89,-11.13,-19.34
145,0.12,0.04,0.97,2.56,-1.46,-0.02,13.18,-10.84,-19.63
146,0.11,0.03,0.97,2.46,-1.59,-0.27,13.18,-10.25,-19.34
147,0.12,0.04,0.98,2.73,-1.54,-0.04,13.48,-11.13,-18.75
148,0.12,0.03,0.98,2.81,-1.5,-0.32,13.18,-10.84,-19.34
149,0.11,0.03,0.97,2.51,-1.46,-0.4,13.48,-11.13,-18.75
150,0.11,0.04,0.98,2.53,-1.5,-0.37,13.48,-10.55,-18.75
151,0.12,0.04,0.97,2.43,-1.69,-0.41,12.6,-11.43,-19.34
152,0.11,0.03,0.97,2.56,-1.34,0.04,13.48,-11.43,-19.34
153,0.12,0.03,0.97,2.5,-1.36,-0.42,12.89,-10.84,-19.63
154,0.12,0.04,0.97,2.69,-1.28,-0.23,13.48,-10.25,-18.75
155,0.11,0.04,0.98,2.69,-1.56,-0.23,13.18,-10.84,-19.34
156,0.11,0.04,0.97,2.52,-1.38,-0.19,12.89,-10.84,-19.04
157,0.12,0.04,0.98,2.88,-1.47,-0.19,13.18,-10.25,-18.46
158,0.12,0.03,0.97,2.42,-1.27,-0.16,13.48,-10.84,-19.04
159,0.11,0.03,0.97,2.49,-1.59,-0.07,13.48,-10.55,-19.04
160,0.12,0.04,0.97,2.63,-1.45,-0.36,13.48,-11.13,-19.04
161,0.12,0.03,0.97,2.76,-1.36,-0.33,13.18,-10.55,-19.04
162,0.12,0.03,0.97,2.62,-1.5,-0.14,12.89,-10.55,-19.04
163,0.12,0.03,0.98,2.47,-1.66,-0.5,12.89,-10.55,-19.63
164,0.12,0.03,0.97,2.55,-1.3,-0.21,13.18,-10.84,-18.75
165,0.11,0.04,0.97,2.43,-1.5,-0.21,12.89,-11.13,-19.04
166,0.11,0.04,0.98,2.65,-1.39,-0.24,12.89,-11.43,-18.75
167,0.12,0.03,0.97,2.74,-1.34,-0.05,13.48,-10.25,-19.34
168,0.11,0.04,0.98,2.71,-1.6,-0.26,12.6,-11.43,-19.34
169,0.12,0.04,0.98,2.56,-1.71,-0.27,13.18,-10.55,-19.04
170,0.12,0.04,0.98,2.44,-1.53,-0.27,13.18,-10.55,-19.04
171,0.12,0.03,0.97,2.52,-1.62,-0.29,12.6,-11.13,-19.34
172,0.12,0.04,0.97,2.67,-1.42,-0.34,12.89,-10.84,-18.46
173,0.12,0.04,0.98,2.83,-1.63,-0.36,13.18,-10.84,-18.75
174,0.12,0.04,0.97,2.47,-1.63,-0.06,12.6,-10.55,-19.04
175,0.12,0.03,0.98,2.66,-1.46,-0.16,13.18,-10.25,-19.63
176,0.11,0.03,0.97,2.65,-1.6,-0.32,12.89,-10.84,-19.04
177,0.11,0.03,0.97,2.56,-1.71,0.02,13.48,-10.25,-19.04
178,0.11,0.04,0.98,2.55,-1.56,-0.02,12.6,-11.13,-19.34
179,0.12,0.04,0.97,2.59,-1.6,-0.26,13.48,-10.84,-18.75
180,0.11,0.03,0.97,2.6,-1.56,-0.4,13.18,-10.55,-19.34
181,0.11,0.04,0.97,2.77,-1.69,-0.48,13.18,-10.55,-19.04
182,0.12,0.03,0.97,2.65,-1.53,-0.21,13.48,-10.55,-19.34
183,0.12,0.04,0.98,2.72,-1.53,-0.08,13.18,-10.84,-19.34
184,0.11,0.03,0.97,2.49,-1.63,-0.52,13.48,-10.84,-19.04
185,0.11,0.03,0.97,2.66,-1.66,-0.18,13.18,-10.55,-19.34
186,0.12,0.04,0.97,2.39,-1.7,-0.11,13.18,-11.13,-18.75
187,0.12,0.04,0.97,2.63,-1.38,-0.27,13.18,-11.13,-19.63
188,0.12,0.04,0.97,2.53,-1.46,-0.37,13.77,-11.13,-19.04
189,0.12,0.03,0.97,2.54,-1.46,-0.33,13.48,-10.84,-19.34
190,0.12,0.03,0.98,2.76,-1.28,-0.37,12.89,-10.84,-19.04
191,0.12,0.04,0.97,2.54,-1.59,-0.07,13.18,-10.55,-19.04
192,0.12,0.03,0.98,2.39,-1.37,-0.4,13.48,-10.84,-19.04
193,0.12,0.03,0.97,2.55,-1.61,-0.08,13.18,-10.84,-19.04
194,0.12,0.03,0.97,2.54,-1.58,-0.14,13.77,-10.55,-18.75
195,0.12,0.04,0.98,2.55,-1.61,-0.39,12.89,-11.13,-19.34
196,0.12,0.04,0.97,2.68,-1.52,-0.36,13.48,-10.55,-19.04
197,0.12,0.04,0.97,2.26,-1.44,-0.23,13.48,-10.25,-18.75
198,0.12,0.03,0.97,2.72,-1.38,-0.3,13.48,-10.84,-19.92
199,0.12,0.04,0.97,2.71,-1.34,-0.24,13.18,-10.84,-19.04
200,0.12,0.03,0.97,2.59,-1.52,-0.29,13.18,-10.25,-19.04
201,0.11,0.04,0.98,2.59,-1.59,0.01,13.48,-10.55,-19.63
202,0.12,0.04,0.97,2.44,-1.34,-0.11,12.89,-10.55,-19.34
203,0.12,0.03,0.98,2.68,-1.25,0.02,14.06,-11.43,-19.04
204,0.11,0.03,0.97,2.76,-1.51,0.0,13.48,-10.25,-19.04
205,0.12,0.04,0.97,2.54,-1.47,-0.18,12.89,-10.25,-18.46
206,0.12,0.03,0.98,2.53,-1.4,-0.16,13.48,-10.84,-19.04
207,0.12,0.03,0.97,2.67,-1.67,-0.2,13.18,-10.55,-19.04
208,0.12,0.03,0.97,2.75,-1.69,-0.17,13.77,-11.43,-18.75
209,0.12,0.03,0.97,2.55,-1.19,-0.27,12.89,-11.13,-19.34
210,0.12,0.03,0.98,2.72,-1.59,-0.2,13.18,-10.84,-19.63
211,0.11,0.03,0.97,2.59,-1.56,-0.53,13.77,-10.84,-19.34
212,0.12,0.04,0.98,2.49,-1.37,-0.36,12.89,-11.43,-19.04
213,0.12,0.03,0.98,2.69,-1.44,-0.35,12.89,-11.13,-18.75
214,0.12,0.03,0.97,2.7,-1.42,-0.06,13.18,-10.84,-19.63
215,0.11,0.03,0.98,2.55,-1.77,-0.31,13.18,-10.55,-19.92
216,0.11,0.04,0.97,2.69,-1.51,-0.07,13.77,-10.25,-19.04
217,0.12,0.03,0.98,2.4,-1.64,-0.41,13.18,-10.55,-19.04
218,0.12,0.04,0.97,2.67,-1.57,-0.18,13.18,-10.55,-19.04
219,0.12,0.04,0.97,2.47,-1.7,-0.24,12.89,-10.55,-18.75
220,0.11,0.04,0.98,2.5,-1.3,-0.31,13.18,-10.84,-19.04
221,0.12,0.03,0.97,2.55,-1.54,-0.33,13.48,-10.84,-19.04
222,0.12,0.03,0.98,2.67,-1.3,-0.24,13.18,-10.55,-19.34
223,0.12,0.04,0.97,2.34,-1.52,-0.34,12.6,-11.13,-19.34
224,0.11,0.04,0.98,2.33,-1.55,-0.43,13.18,-10.84,-19.63
225,0.11,0.04,0.98,2.56,-1.35,-0.34,12.89,-10.84,-19.34
226,0.12,0.04,0.98,2.66,-1.42,-0.42,13.18,-11.13,-19.34
227,0.12,0.03,0.97,2.57,-1.28,-0.06,13.48,-10.84,-18.46
228,0.12,0.03,0.98,2.63,-1.46,-0.11,13.18,-10.55,-18.46
229,0.12,0.03,0.96,2.82,-1.66,-0.39,13.77,-10.84,-19.63
230,0.12,0.03,0.98,2.64,-1.34,-0.09,13.18,-11.13,-19.04
231,0.12,0.03,0.97,2.5,-1.1,-0.45,12.89,-10.55,-19.34
232,0.12,0.03,0.97,2.53,-1.73,-0.27,13.18,-10.84,-19.04
233,0.11,0.04,0.97,2.53,-1.46,-0.11,12.89,-9.96,-18.75
234,0.12,0.03,0.97,2.61,-1.61,-0.12,13.77,-10.55,-19.34
235,0.12,0.04,0.98,2.58,-1.42,-0.2,12.89,-10.25,-19.34
236,0.12,0.04,0.97,2.53,-1.59,-0.18,13.48,-10.84,-19.04
237,0.12,0.04,0.97,2.8,-1.44,-0.14,12.89,-10.84,-19.04
238,0.12,0.04,0.97,2.61,-1.45,-0.13,12.89,-11.13,-19.34
239,0.12,0.03,0.97,2.66,-1.33,-0.26,13.18,-10.55,-19.63
240,0.12,0.04,0.98,2.69,-1.46,-0.08,12.89,-11.13,-19.04
241,0.12,0.03,0.98,2.57,-1.67,0.14,12.89,-10.55,-19.04
242,0.12,0.03,0.97,2.59,-1.59,-0.1,13.48,-10.84,-19.34
243,0.12,0.03,0.98,2.56,-1.21,-0.13,13.48,-10.84,-18.75
244,0.11,0.03,0.98,2.6,-1.45,0.01,12.89,-10.55,-19.04
245,0.12,0.04,0.97,2.6,-1.61,-0.05,14.06,-10.84,-19.04
246,0.12,0.04,0.98,2.56,-1.53,-0.26,13.18,-11.13,-18.75
247,0.13,0.03,0.98,2.56,-1.51,-0.3,13.77,-10.84,-19.04
248,0.12,0.04,0.98,2.34,-1.34,-0.37,13.18,-10.55,-19.34
249,0.12,0.03,0.97,2.45,-1.69,-0.25,12.89,-10.55,-19.92
250,0.11,0.04,0.97,2.81,-1.82,-0.16,13.18,-10.55,-19.92
251,0.12,0.03,0.97,2.58,-1.35,-0.42,12.89,-11.43,-19.34
252,0.12,0.03,0.98,2.71,-1.6,-0.12,12.89,-11.13,-18.75
253,0.11,0.04,0.97,2.4,-1.72,-0.22,13.48,-10.84,-19.63
254,0.12,0.03,0.97,2.57,-1.43,-0.27,13.18,-10.84,-18.75
255,0.12,0.03,0.98,2.56,-1.43,-0.24,12.6,-10.84,-19.04
256,0.12,0.04,0.98,2.37,-1.4,-0.34,13.18,-10.55,-19.04
257,0.11,0.03,0.97,2.71,-1.78,-0.24,12.6,-11.13,-19.63
258,0.12,0.04,0.98,2.46,-1.68,-0.11,13.48,-10.55,-19.04
259,0.12,0.03,0.97,2.43,-1.48,-0.33,13.48,-10.84,-19.34
260,0.12,0.04,0.97,2.44,-1.59,-0.27,13.48,-11.13,-19.04
261,0.11,0.03,0.98,2.72,-1.53,-0.4,13.18,-10.84,-19.04
262,0.12,0.03,0.98,2.62,-1.42,-0.41,13.18,-11.43,-18.46
263,0.12,0.04,0.98,2.66,-1.41,-0.14,12.89,-10.84,-19.34
264,0.12,0.04,0.97,2.69,-1.64,-0.23,12.89,-11.13,-19.04
265,0.13,0.03,0.98,2.68,-1.57,-0.14,12.89,-10.55,-19.04
266,0.11,0.04,0.98,2.73,-1.66,0.16,12.89,-11.13,-19.04
267,0.11,0.03,0.97,2.49,-1.43,-0.18,13.18,-10.55,-19.04
268,0.12,0.03,0.97,2.66,-1.18,-0.31,12.89,-10.84,-18.75
269,0.12,0.03,0.97,2.78,-1.5,-0.24,13.48,-11.13,-19.63
270,0.12,0.03,0.97,2.5,-1.59,-0.27,12.6,-10.55,-19.34
271,0.12,0.04,0.97,2.71,-1.72,-0.58,12.89,-10.25,-18.46
272,0.12,0.03,0.98,2.63,-1.46,-0.33,12.89,-10.84,-19.04
273,0.12,0.03,0.97,2.66,-1.28,-0.17,13.18,-10.84,-19.34
274,0.11,0.04,0.97,2.57,-1.59,-0.45,13.18,-10.84,-18.75
275,0.12,0.04,0.97,2.54,-1.83,-0.4,12.89,-10.84,-18.75
276,0.12,0.04,0.98,2.85,-1.39,-0.2,13.48,-11.13,-19.04
277,0.12,0.03,0.98,2.66,-1.48,-0.28,13.48,-10.84,-19.04
278,0.12,0.03,0.97,2.59,-1.53,-0.18,13.48,-10.55,-19.34
279,0.11,0.03,0.98,2.7,-1.59,-0.31,12.89,-11.13,-19.34
280,0.12,0.03,0.97,2.46,-1.66,-0.2,13.77,-11.13,-19.34
281,0.12,0.04,0.97,2.56,-1.44,-0.22,13.48,-10.55,-19.63
282,0.12,0.03,0.98,2.54,-1.21,-0.16,13.18,-10.55,-18.75
283,0.12,0.03,0.98,2.78,-1.69,0.01,13.77,-10.84,-19.04
284,0.12,0.04,0.97,2.71,-1.79,-0.14,13.77,-10.55,-20.21
285,0.12,0.04,0.97,2.71,-1.4,-0.27,13.18,-10.55,-18.75
286,0.12,0.04,0.98,2.26,-1.54,-0.18,13.48,-11.13,-18.75
287,0.11,0.03,0.97,2.48,-1.43,-0.22,13.18,-10.55,-19.04
288,0.12,0.03,0.97,2.7,-1.48,-0.33,13.48,-10.25,-18.75
289,0.12,0.04,0.98,2.43,-1.03,-0.41,13.18,-10.84,-19.34
290,0.11,0.03,0.97,2.37,-1.42,0.14,13.18,-10.84,-19.04
291,0.11,0.03,0.97,2.53,-1.29,0.03,13.48,-10.84,-19.34
292,0.12,0.04,0.97,2.53,-1.67,-0.32,13.48,-10.55,-19.34
293,0.12,0.03,0.97,2.95,-1.51,-0.06,13.18,-10.55,-19.63
294,0.12,0.04,0.97,2.49,-1.5,-0.17,13.48,-11.13,-19.63
295,0.11,0.03,0.97,2.63,-1.84,-0.16,12.6,-10.55,-19.04
296,0.11,0.03,0.98,2.72,-1.51,-0.42,13.18,-10.25,-18.75
297,0.11,0.07,0.96,2.7,-1.69,-0.15,13.18,-10.25,-19.34
298,0.12,0.03,0.97,2.46,-1.5,-0.29,12.89,-10.55,-19.63
299,0.12,0.03,0.97,2.6,-1.48,-0.4,12.6,-10.84,-19.04
300,0.12,0.04,0.97,2.4,-1.44,-0.38,13.48,-10.84,-19.04
301,0.12,0.03,0.97,2.46,-1.7,-0.43,13.18,-10.55,-18.46
302,0.12,0.03,0.97,2.68,-1.66,-0.13,12.89,-10.84,-19.04
303,0.12,0.04,0.97,2.91,-1.83,-0.24,13.77,-10.84,-18.75
304,0.12,0.02,0.98,2.61,-1.78,-0.22,12.89,-11.13,-18.75
305,0.12,0.04,0.97,2.49,-1.28,-0.26,13.18,-10.55,-19.04
306,0.12,0.03,0.97,2.66,-1.87,-0.24,12.89,-10.84,-19.34
307,0.12,0.03,0.97,2.53,-1.71,-0.34,13.18,-10.55,-18.46
308,0.12,0.04,0.97,2.65,-1.63,-0.02,13.18,-10.55,-19.34
309,0.12,0.04,0.98,2.69,-1.5,-0.34,12.89,-10.84,-19.63
310,0.12,0.03,0.97,2.52,-1.39,-0.22,13.18,-11.43,-19.04
311,0.11,0.04,0.97,2.69,-1.41,-0.08,14.06,-10.84,-19.04
312,0.12,0.04,0.97,2.42,-1.68,-0.45,12.6,-11.13,-19.04
313,0.11,0.04,0.97,2.82,-1.46,-0.33,13.48,-10.84,-19.92
314,0.12,0.03,0.98,2.54,-1.59,-0.14,13.18,-10.55,-19.34
315,0.11,0.04,0.97,2.46,-1.53,-0.26,13.48,-11.13,-18.46
316,0.12,0.0,0.98,2.59,-1.5,-0.11,13.18,-10.55,-18.75
317,0.12,0.03,0.98,2.67,-1.36,-0.22,13.77,-11.13,-19.34
318,0.12,0.04,0.97,2.37,-1.4,-0.13,12.6,-10.55,-19.63
319,0.11,0.04,0.97,2.5,-1.64,-0.53,13.18,-10.84,-19.04
320,0.11,0.03,0.98,2.28,-1.66,-0.26,13.18,-10.55,-19.34
321,0.12,0.03,0.97,2.58,-1.58,-0.09,12.89,-10.25,-19.04
322,0.11,0.03,0.97,2.55,-1.17,-0.19,12.89,-10.84,-19.04
323,0.12,0.03,0.98,2.51,-1.35,-0.4,12.89,-10.84,-19.63
324,0.11,0.04,0.98,2.9,-1.72,-0.07,13.48,-10.25,-19.04
325,0.12,0.03,0.98,2.71,-1.4,-0.36,12.89,-10.84,-18.75
326,0.12,0.03,0.97,2.56,-1.31,-0.21,12.89,-10.84,-19.34
327,0.12,0.03,0.97,2.3,-1.49,-0.29,13.48,-10.55,-19.34
328,0.12,0.04,0.98,2.82,-1.36,-0.45,13.18,-10.84,-18.75
329,0.12,0.04,0.97,2.7,-1.53,-0.23,13.18,-10.55,-18.75
330,0.12,0.04,0.97,2.69,-1.26,0.04,12.89,-11.43,-19.04
331,0.11,0.04,0.98,2.82,-1.52,-0.26,13.18,-10.84,-19.34
332,0.12,0.04,0.97,2.56,-1.66,-0.14,13.18,-10.25,-19.04
333,0.12,0.03,0.98,2.58,-1.47,-0.11,13.18,-10.84,-19.63
334,0.12,0.03,0.98,2.64,-1.11,-0.37,13.18,-11.13,-19.04
335,0.12,0.04,0.98,2.44,-1.38,-0.24,13.18,-10.25,-19.04
336,0.11,0.04,0.98,2.62,-1.66,-0.18,13.48,-11.13,-19.04
337,0.12,0.03,0.97,2.48,-1.27,-0.35,12.89,-11.13,-19.04
338,0.12,0.04,0.97,2.38,-1.11,-0.19,13.48,-10.25,-19.04
339,0.12,0.03,0.97,2.65,-1.28,-0.08,13.18,-10.84,-19.34
340,0.11,0.03,0.97,2.67,-1.82,-0.05,13.18,-10.55,-19.34
341,0.12,0.03,0.98,2.38,-1.3,-0.05,12.89,-10.84,-19.04
342,0.12,0.03,0.97,2.78,-1.11,-0.41,13.18,-11.72,-19.63
343,0.12,0.04,0.98,2.69,-1.59,-0.14,12.89,-10.84,-19.04
344,0.12,0.03,0.98,2.5,-1.4,-0.11,13.18,-11.13,-19.34
345,0.12,0.03,0.98,2.65,-1.55,-0.37,13.18,-10.55,-19.04
346,0.12,0.04,0.97,2.7,-1.65,-0.26,13.77,-10.55,-19.04
347,0.11,0.03,0.98,2.67,-1.4,-0.3,13.48,-11.43,-19.04
348,0.11,0.03,0.98,2.59,-1.76,-0.18,13.48,-10.55,-19.04
349,0.12,0.04,0.98,2.6,-1.55,-0.09,13.18,-10.55,-19.34
350,0.12,0.04,0.98,2.53,-1.19,-0.17,12.89,-10.55,-18.16
351,0.12,0.04,0.97,2.56,-1.64,-0.33,13.77,-10.25,-19.63
352,0.12,0.03,0.98,2.73,-1.6,-0.03,13.18,-11.43,-18.75
353,0.12,0.04,0.98,2.51,-1.24,-0.38,12.89,-10.55,-18.75
354,0.12,0.04,0.98,2.55,-1.54,-0.37,13.18,-10.55,-19.04
355,0.11,0.03,0.97,2.69,-1.27,-0.18,13.48,-10.55,-18.75
356,0.11,0.03,0.97,2.69,-1.58,-0.3,13.77,-10.84,-18.75
357,0.12,0.03,0.98,2.58,-1.46,-0.29,13.48,-10.84,-19.04
358,0.12,0.04,0.97,2.85,-1.51,-0.43,13.48,-10.84,-18.46
359,0.11,0.04,0.97,2.4,-1.56,-0.39,13.48,-11.13,-19.04
360,0.12,0.04,0.97,2.7,-1.69,-0.37,12.89,-10.55,-19.04
361,0.12,0.04,0.97,2.7,-1.75,-0.1,13.48,-10.84,-19.34
362,0.11,0.04,0.97,2.5,-1.56,-0.13,13.18,-10.84,-19.63
363,0.12,0.03,0.97,2.54,-1.5,-0.25,12.89,-10.25,-19.34
364,0.11,0.03,0.98,2.48,-1.4,-0.04,13.18,-10.55,-19.92
365,0.12,0.04,0.97,2.51,-1.35,0.0,13.18,-11.13,-19.63
366,0.12,0.04,0.97,2.85,-1.35,0.04,13.77,-10.55,-19.34
367,0.11,0.03,0.97,2.3,-1.81,-0.06,13.18,-10.55,-19.04
368,0.12,0.04,0.97,2.5,-1.66,-0.24,13.18,-10.84,-19.34
369,0.11,0.03,0.98,2.54,-1.37,-0.21,13.18,-10.25,-18.75
370,0.12,0.03,0.98,2.44,-1.59,-0.31,13.18,-10.84,-19.04
371,0.12,0.04,0.98,2.58,-1.66,-0.39,13.18,-10.55,-19.34
372,0.12,0.03,0.97,2.5,-1.6,-0.4,13.48,-10.25,-18.75
373,0.12,0.03,0.98,2.3,-1.37,-0.43,12.89,-10.25,-19.04
374,0.12,0.03,0.98,2.71,-1.58,0.01,12.89,-10.25,-19.92
375,0.11,0.04,0.97,2.57,-1.62,-0.02,13.48,-11.13,-18.75
376,0.11,0.04,0.97,2.78,-1.5,-0.41,13.18,-11.13,-19.34
377,0.12,0.03,0.98,2.67,-1.4,-0.27,13.18,-10.55,-19.34
378,0.12,0.04,0.97,2.59,-1.27,-0.1,12.89,-10.55,-19.04
379,0.11,0.04,0.97,2.5,-1.63,-0.32,12.89,-10.55,-18.75
380,0.12,0.03,0.97,2.4,-1.57,-0.03,13.18,-10.84,-19.34
381,0.12,0.03,0.97,2.48,-1.42,-0.14,13.48,-10.84,-18.75
382,0.12,0.03,0.97,2.82,-1.37,-0.29,12.89,-10.84,-19.04
383,0.12,0.03,0.98,2.49,-1.34,-0.37,12.89,-10.55,-18.75
384,0.11,0.04,0.97,2.59,-1.53,-0.21,13.77,-10.84,-19.04
385,0.12,0.04,0.98,2.26,-1.28,-0.24,12.3,-11.43,-19.04
386,0.12,0.03,0.98,2.74,-1.37,-0.07,12.89,-10.55,-19.04
387,0.11,0.04,0.96,2.6,-1.14,0.0,13.48,-11.13,-19.34
388,0.12,0.03,0.97,2.5,-1.66,0.0,13.18,-10.55,-19.34
389,0.11,0.04,0.98,2.91,-1.84,-0.14,12.89,-10.84,-19.34
390,0.12,0.03,0.98,2.44,-1.85,-0.05,13.18,-9.96,-19.04
391,0.12,0.03,0.97,2.59,-1.5,-0.34,13.48,-10.84,-18.75
392,0.12,0.03,0.98,2.81,-1.59,-0.23,13.48,-10.55,-19.04
393,0.12,0.04,0.97,2.55,-1.35,-0.47,13.48,-10.84,-18.75
394,0.12,0.04,0.98,2.59,-1.11,-0.14,13.18,-10.84,-19.04
395,0.11,0.03,0.97,2.78,-1.34,-0.35,13.18,-10.55,-19.63
396,0.12,0.03,0.97,2.61,-1.81,-0.43,12.89,-10.84,-19.04
